review_id,root_problem,user_gap,product_opportunity,confidence,verdict,validation_reason
1,Users cannot easily share their workout progress with non-Strava friends,Ability to generate shareable workout summaries for social media,Add one-click social media sharing with pre-made workout cards,high,feasible,Social sharing is in scope and improves engagement
2,GPS tracking sometimes loses signal in urban areas with tall buildings,More reliable tracking in challenging environments,Implement fallback tracking using phone accelerometer + WiFi positioning,medium,feasible,Hybrid tracking is feasible and addresses real need
3,Athletes want to compare training intensity objectively,Easy visualization of training zones across different activity types,Add cross-activity training zone comparison dashboard,high,feasible,Fits product roadmap and valuable for coaching
4,Users feel unmotivated by vague weekly goals,Smart goal suggestions based on historical performance,AI-powered weekly goal recommendations with completion prediction,medium,feasible,AI feature is in development roadmap
5,Runners cannot easily find safe running routes in unknown areas,Route recommendations based on safety metrics,"Safety-scored route suggestions (lighting, crowds, traffic)",medium,feasible,"Route features exist, safety scoring is natural extension"
6,Cyclists struggle to plan century rides due to elevation data,Elevation profile preview before starting a route,Route elevation preview with difficulty classification,high,feasible,"Elevation data available, simple UI addition"
7,Users lose workout data when phone dies mid-activity,Automatic backup and resume capability,Cloud sync every 30 seconds with activity resume feature,medium,feasible,"Cloud infrastructure exists, engineering effort moderate"
8,Friends cannot see real-time workout progress during activities,Live activity feed showing friend progress,Real-time friend tracking with location sharing toggle,high,feasible,Real-time pushing infrastructure exists
9,Premium features feel disconnected from free tier value,Clearer premium feature benefits,Feature unlock roadmap showing when free users get premium features,medium,feasible,"UI/gamification feature, low complexity"
10,Users cannot track gym workouts effectively,Structured gym workout logging with exercise templates,Pre-built gym workout library with rep/weight tracking,high,feasible,Aligns with product expansion into fitness
